<scene>

  <image>
    550 450
  </image>

  <sampler type="JitteredSampler">
    <numSamplesU>30</numSamplesU>
    <numSamplesV>30</numSamplesV>
  </sampler>

  <renderer type="BruteForcePathTracer">
    <depthLimit>50</depthLimit>
    <backgroundIllumination>1</backgroundIllumination>
    </renderer>

  <camera>
    <eye>-1.1 0 6</eye>
    <target>0 0 0</target>
    <up>0 1 0</up>
    <yFOV>15</yFOV>
  </camera>

  <material name="dark_brown" type="Homogeneous">
    <brdf type="Lambertian">
      <reflectance>0.4 0.4 0.2</reflectance>
    </brdf>
  </material>

  <material name="white" type="Homogeneous">
    <brdf type="Lambertian">
      <reflectance>1 1 1</reflectance>
    </brdf>
  </material>

   <material name="mirror" type="Mirror">
  </material>

  <material name="light" type="LambertianEmitter">
    <brdf type="Lambertian">
      <reflectance>0.78 0.78 0.78</reflectance>
    </brdf>
    <radiance>60 60 60</radiance>
  </material>

  <surface type="Mesh">
    <material ref="dark_brown" />
		<data>horse_10.msh</data>
    <frame>
    0 1 0 0
    0 0 1 -.5
    1 0 0 0
    </frame>
  </surface>

  <!-- Floor -->
  <!-- Looking at counterclockwise = normal at you -->
  <surface type="Triangle">
    <material ref="white" />
    <v0>-10 -.5 10</v0>
    <v1>10 -.5 10</v1>
    <v2>-10 -.5 -10</v2>
    </surface>
  <surface type="Triangle">
    <material ref="white" />
    <v0>10 -.5 10</v0>
    <v1>10 -.5 -10</v1>
    <v2>-10 -.5 -10</v2>
    </surface>

  <!-- Back Mirror Wall -->
  <surface type="Triangle">
    <material ref="mirror" />
    <v0>-1 1 -1</v0>
    <v1>-1 -.5 -1</v1>
    <v2>2 -.5 -1</v2>
  </surface>
  <surface type="Triangle">
    <material ref="mirror" />
    <v0>2 -.5 -1</v0>
    <v1>2 1 -1</v1>
    <v2>-1 1 -1</v2>
  </surface>

  <!-- Front Mirror Wall -->
<!--   <surface type="Triangle">
    <material ref="mirror" />
    <v0>-.5 -.5 7</v0>
    <v1>-.5 1 7</v1>
    <v2>10 -.5 7</v2>
  </surface>
  <surface type="Triangle">
    <material ref="mirror" />
    <v0>10 1 7</v0>
    <v1>10 -.5 7</v1>
    <v2>- 1 7</v2>
  </surface> -->

  <!-- Lighting -->
  <surface type="Sphere">
    <material type="LambertianEmitter">
      <radiance>50 50 50</radiance>
    </material>
    <radius>0.8</radius>
     <center>0 4 0</center>
  </surface>

  <background type="Uniform">
    <radiance>0 0 0</radiance>
  </background>

</scene>
